{
  "backgroundConfusion": {
    "enabled": true,
    "parameters": {
      "block_size": 10,
      "noise_intensity": 0.3
    }
  },
  "cartoon": {
    "enabled": true,
    "parameters": {}
  },
  "colorRotation": {
    "enabled": true,
    "parameters": {
      "hue_shift": 20,
      "sat_scale": 1.5,
      "val_scale": 1.3
    }
  },
  "compression": {
    "enabled": true,
    "parameters": {
      "compression_quality": 10
    }
  },
  "gaussianNoise": {
    "enabled": true,
    "parameters": {
      "stddev": 0.1
    }
  },
  "partialOcclusion": {
    "enabled": true,
    "parameters": {
      "num_boxes": 5,
      "box_min_size": 30,
      "box_max_size": 50
    }
  },
  "rotation": {
    "enabled": true,
    "parameters": {
      "angle": 15
    }
  },
  "shadows": {
    "enabled": true,
    "parameters": {
      "num_patches": 8,
      "patch_size": 50,
      "intensity": 0.8
    }
  },
  "shuffle": {
    "enabled": true,
    "parameters": {
      "n_parts": 7
    }
  },
  "sketch": {
    "enabled": true,
    "parameters": {}
  },
  "swirl": {
    "enabled": true,
    "parameters": {
      "strength": 1.5,
      "radius": 50
    }
  },
  "wave": {
    "enabled": true,
    "parameters": {
        "intensity": 10,
        "frequency": 20.0
    }
  }
}
